﻿<?xml version="1.0" encoding="UTF-8"?>
<FT_EEPROM>
  <Chip_Details>
    <Type>FT2232H</Type>
  </Chip_Details>
  <USB_Device_Descriptor>
    <VID_PID>0</VID_PID>
    <idVendor>0403</idVendor>
    <idProduct>6010</idProduct>
    <bcdUSB>USB 2.0</bcdUSB>
  </USB_Device_Descriptor>
  <USB_Config_Descriptor>
    <bmAttributes>
      <RemoteWakeupEnabled>false</RemoteWakeupEnabled>
      <SelfPowered>false</SelfPowered>
      <BusPowered>true</BusPowered>
    </bmAttributes>
    <IOpullDown>false</IOpullDown>
    <MaxPower>500</MaxPower>
  </USB_Config_Descriptor>
  <USB_String_Descriptors>
    <Manufacturer>FTDI</Manufacturer>
    <Product_Description>BeagleBone/XDS100V2</Product_Description>
    <SerialNumber_Enabled>true</SerialNumber_Enabled>
    <SerialNumber>
    </SerialNumber>
    <SerialNumberPrefix>TI</SerialNumberPrefix>
  </USB_String_Descriptors>
  <Hardware_Specific>
    <Suspend_DBUS7>false</Suspend_DBUS7>
    <TPRDRV>0</TPRDRV>
    <Port_A>
      <Hardware>
        <UART>true</UART>
        <_245FIFO>false</_245FIFO>
        <CPUFIFO>false</CPUFIFO>
        <OPTO>false</OPTO>
      </Hardware>
      <Driver>
        <VirtualCOM>false</VirtualCOM>
        <D2XX>true</D2XX>
      </Driver>
    </Port_A>
    <Port_B>
      <Hardware>
        <UART>true</UART>
        <_245FIFO>false</_245FIFO>
        <CPUFIFO>false</CPUFIFO>
        <OPTO>false</OPTO>
      </Hardware>
      <Driver>
        <VirtualCOM>true</VirtualCOM>
        <D2XX>false</D2XX>
      </Driver>
    </Port_B>
    <IO_Pins>
      <Group_AL>
        <SlowSlew>false</SlowSlew>
        <Schmitt>false</Schmitt>
        <Drive>4mA</Drive>
      </Group_AL>
      <Group_AH>
        <SlowSlew>false</SlowSlew>
        <Schmitt>false</Schmitt>
        <Drive>4mA</Drive>
      </Group_AH>
      <Group_BL>
        <SlowSlew>false</SlowSlew>
        <Schmitt>false</Schmitt>
        <Drive>4mA</Drive>
      </Group_BL>
      <Group_BH>
        <SlowSlew>false</SlowSlew>
        <Schmitt>false</Schmitt>
        <Drive>4mA</Drive>
      </Group_BH>
    </IO_Pins>
  </Hardware_Specific>
</FT_EEPROM>